user_id,name,age,gender,city,registration_date
U0001,Vihaan Sharma,35,Other,Jaipur,2022-09-08
U0002,Sai Reddy,30,Other,Hyderabad,2023-11-24
U0003,Aarohi Gupta,37,Other,Indore,2022-02-02
U0004,Aarav Gupta,44,Male,Kolkata,2023-06-02
U0005,Sara Sharma,30,Other,Chennai,2024-01-04
U0006,Aarohi Mukherjee,30,Male,Thane,2023-08-27
U0007,Ishaan Sharma,44,Male,Indore,2022-12-15
U0008,Ishaan Reddy,38,Male,Lucknow,2022-04-15
U0009,Aditya Bose,28,Male,Kanpur,2024-05-17
U0010,Diya Kulkarni,36,Female,Delhi,2024-01-18
U0011,Myra Kapoor,28,Male,Nagpur,2022-03-22
U0012,Aarohi Singh,28,Other,Ghaziabad,2024-06-25
U0013,Diya Chopra,33,Male,Bengaluru,2022-02-16
U0014,Sai Singh,18,Male,Kolkata,2024-06-06
U0015,Vihaan Bose,18,Female,Thane,2023-10-13
U0016,Diya Iyer,27,Female,Kanpur,2022-08-03
U0017,Ishaan Gupta,23,Other,Pune,2023-07-01
U0018,Sai Iyer,34,Female,Nagpur,2022-10-04
U0019,Aarohi Ghosh,24,Other,Lucknow,2024-05-13
U0020,Vivaan Ghosh,20,Male,Lucknow,2023-02-15
U0021,Ishaan Gupta,43,Male,Patna,2024-06-16
U0022,Anaya Das,30,Other,Bhopal,2023-02-10
U0023,Myra Reddy,32,Female,Ahmedabad,2022-09-10
U0024,Aarohi Kapoor,20,Female,Patna,2023-03-15
U0025,Saanvi Bose,27,Female,Kolkata,2022-05-22
U0026,Ira Joshi,32,Male,Delhi,2024-05-31
U0027,Vihaan Reddy,22,Other,Pune,2024-03-22
U0028,Kiara Kulkarni,35,Male,Nagpur,2023-01-26
U0029,Sara Roy,27,Other,Jaipur,2024-09-21
U0030,Aarohi Sharma,29,Other,Hyderabad,2023-11-30
U0031,Aarohi Khan,27,Other,Lucknow,2022-04-25
U0032,Kabir Mukherjee,46,Male,Thane,2022-01-04
U0033,Ishaan Amin,31,Male,Visakhapatnam,2024-07-23
U0034,Vihaan Singh,23,Other,Visakhapatnam,2023-09-16
U0035,Muhammad Reddy,38,Female,Pune,2023-07-07
U0036,Ira Sharma,22,Other,Lucknow,2023-05-16
U0037,Aarav Patel,33,Female,Surat,2022-09-03
U0038,Vivaan Ghosh,18,Other,Bengaluru,2022-03-29
U0039,Meera Gupta,21,Other,Ahmedabad,2022-05-12
U0040,Meera Kapoor,33,Male,Jaipur,2023-06-25
U0041,Sara Mukherjee,37,Male,Vadodara,2024-02-13
U0042,Muhammad Singh,33,Female,Kanpur,2023-03-25
U0043,Ira Roy,31,Male,Kolkata,2022-08-19
U0044,Aditya Nair,29,Male,Patna,2023-07-22
U0045,Sai Chopra,20,Male,Mumbai,2022-03-14
U0046,Vivaan Ghosh,26,Male,Delhi,2024-05-30
U0047,Anaya Gupta,28,Other,Kolkata,2022-10-13
U0048,Meera Das,40,Other,Ahmedabad,2024-01-11
U0049,Saanvi Chopra,34,Female,Kolkata,2024-03-14
U0050,Meera Mukherjee,18,Male,Hyderabad,2022-04-10
U0051,Kiara Mehta,34,Female,Indore,2023-04-24
U0052,Vivaan Patel,28,Male,Nagpur,2024-01-16
U0053,Anaya Patel,26,Male,Chennai,2022-07-14
U0054,Aarohi Roy,36,Male,Indore,2022-07-07
U0055,Ishaan Roy,40,Male,Bengaluru,2023-03-30
U0056,Aarohi Patel,39,Male,Vadodara,2024-05-06
U0057,Aarav Gupta,25,Male,Pune,2023-02-21
U0058,Meera Joshi,29,Male,Nagpur,2024-07-13
U0059,Vivaan Iyer,34,Female,Mumbai,2023-02-04
U0060,Ishaan Roy,39,Female,Indore,2023-12-15
U0061,Aarohi Joshi,28,Male,Chennai,2022-10-31
U0062,Muhammad Verma,30,Other,Vadodara,2022-03-04
U0063,Anaya Verma,23,Male,Patna,2023-05-04
U0064,Ira Amin,22,Male,Delhi,2024-09-10
U0065,Ira Gupta,38,Male,Bengaluru,2023-09-02
U0066,Aditya Ghosh,42,Female,Hyderabad,2024-08-22
U0067,Saanvi Ghosh,31,Other,Ghaziabad,2022-02-10
U0068,Sara Gupta,40,Female,Patna,2023-08-02
U0069,Ira Nair,34,Female,Chennai,2023-11-17
U0070,Anaya Ghosh,26,Female,Nagpur,2022-05-15
U0071,Kabir Roy,34,Female,Bengaluru,2022-01-10
U0072,Myra Kulkarni,44,Other,Hyderabad,2022-03-17
U0073,Aarohi Das,31,Other,Jaipur,2022-05-16
U0074,Diya Gupta,44,Male,Kanpur,2022-10-19
U0075,Reyansh Roy,18,Other,Surat,2023-09-19
U0076,Ira Sharma,38,Other,Vadodara,2022-11-03
U0077,Vihaan Reddy,32,Female,Hyderabad,2024-06-30
U0078,Vihaan Kapoor,29,Male,Jaipur,2022-10-16
U0079,Sara Das,32,Other,Lucknow,2022-07-28
U0080,Ishaan Amin,18,Female,Jaipur,2024-07-16
U0081,Vivaan Gupta,30,Other,Indore,2024-04-29
U0082,Ishaan Verma,34,Male,Lucknow,2024-02-29
U0083,Arjun Khan,43,Male,Thane,2023-07-19
U0084,Kiara Kapoor,27,Male,Hyderabad,2022-03-19
U0085,Arjun Kapoor,25,Male,Kanpur,2023-08-20
U0086,Aarohi Reddy,27,Female,Ahmedabad,2022-02-12
U0087,Kabir Mehta,39,Male,Kanpur,2022-08-04
U0088,Sai Patel,34,Female,Vadodara,2024-06-24
U0089,Kiara Kulkarni,27,Other,Ahmedabad,2024-08-05
U0090,Sai Iyer,36,Male,Indore,2022-01-26
U0091,Reyansh Nair,32,Female,Kolkata,2022-10-01
U0092,Reyansh Patel,39,Female,Delhi,2024-05-29
U0093,Meera Ghosh,26,Male,Thane,2022-12-25
U0094,Kabir Ghosh,29,Male,Mumbai,2023-11-07
U0095,Muhammad Bose,28,Female,Jaipur,2024-06-04
U0096,Aditya Khan,20,Female,Visakhapatnam,2023-02-14
U0097,Aarohi Nair,34,Male,Hyderabad,2024-06-17
U0098,Ishaan Iyer,34,Other,Jaipur,2022-02-09
U0099,Vihaan Kulkarni,32,Female,Kanpur,2024-01-17
U0100,Anaya Mukherjee,30,Other,Visakhapatnam,2022-04-29
U0101,Aadhya Chopra,20,Male,Jaipur,2022-02-15
U0102,Kiara Sharma,28,Other,Vadodara,2023-12-05
U0103,Muhammad Mehta,29,Female,Bengaluru,2024-08-29
U0104,Anaya Kulkarni,25,Female,Hyderabad,2024-01-08
U0105,Kabir Amin,30,Female,Indore,2022-12-01
U0106,Aadhya Singh,35,Other,Ahmedabad,2022-07-16
U0107,Kiara Bose,47,Other,Pune,2023-09-23
U0108,Saanvi Singh,33,Female,Vadodara,2024-05-03
U0109,Aarav Singh,34,Female,Chennai,2023-03-17
U0110,Saanvi Kulkarni,31,Other,Lucknow,2023-04-22
U0111,Myra Roy,18,Other,Chennai,2023-06-08
U0112,Meera Iyer,31,Other,Bengaluru,2022-10-18
U0113,Ira Kulkarni,32,Female,Bengaluru,2024-04-18
U0114,Sai Singh,51,Male,Chennai,2022-05-31
U0115,Aarav Verma,30,Male,Bhopal,2023-09-18
U0116,Aditya Roy,34,Female,Patna,2022-07-19
U0117,Aadhya Joshi,31,Female,Kolkata,2022-06-01
U0118,Aarav Patel,22,Female,Kolkata,2022-06-30
U0119,Ira Roy,41,Male,Vadodara,2022-09-13
U0120,Vihaan Roy,38,Male,Thane,2023-11-15
U0121,Ira Kapoor,38,Other,Lucknow,2024-08-30
U0122,Myra Kulkarni,24,Other,Visakhapatnam,2023-03-13
U0123,Aarohi Roy,43,Male,Bhopal,2023-04-06
U0124,Ishaan Ghosh,20,Other,Jaipur,2024-02-24
U0125,Ira Joshi,36,Other,Kolkata,2022-10-09
U0126,Myra Gupta,49,Other,Surat,2022-08-29
U0127,Ishaan Nair,24,Female,Vadodara,2022-03-24
U0128,Arjun Reddy,27,Male,Nagpur,2023-12-12
U0129,Arjun Das,32,Male,Indore,2023-02-22
U0130,Anaya Kapoor,27,Female,Indore,2022-03-05
U0131,Muhammad Mukherjee,19,Female,Patna,2024-08-26
U0132,Aarav Chopra,32,Female,Bhopal,2022-01-07
U0133,Diya Singh,23,Female,Indore,2023-07-06
U0134,Aarohi Kulkarni,35,Male,Bhopal,2022-08-13
U0135,Ishaan Mukherjee,24,Female,Mumbai,2023-02-03
U0136,Anaya Bose,44,Other,Pune,2024-05-10
U0137,Myra Reddy,25,Other,Vadodara,2022-01-28
U0138,Aadhya Chopra,29,Other,Mumbai,2022-03-27
U0139,Kiara Reddy,38,Female,Pune,2022-02-21
U0140,Ishaan Bose,22,Female,Chennai,2023-04-11
U0141,Anaya Nair,33,Female,Jaipur,2024-02-10
U0142,Kiara Khan,42,Male,Bhopal,2022-01-20
U0143,Aarohi Verma,19,Female,Kolkata,2023-10-28
U0144,Aditya Verma,33,Male,Kolkata,2022-07-24
U0145,Aarav Kulkarni,34,Male,Kolkata,2022-05-10
U0146,Meera Patel,38,Other,Chennai,2023-04-22
U0147,Ishaan Mehta,22,Male,Ghaziabad,2023-09-14
U0148,Vihaan Iyer,21,Female,Hyderabad,2023-08-16
U0149,Aarav Singh,36,Other,Nagpur,2023-02-11
U0150,Muhammad Gupta,34,Other,Kolkata,2022-04-15
U0151,Kabir Kulkarni,34,Male,Patna,2024-03-12
U0152,Vivaan Mehta,34,Other,Indore,2023-11-09
U0153,Diya Gupta,26,Other,Lucknow,2022-01-13
U0154,Kiara Joshi,33,Male,Indore,2024-09-10
U0155,Diya Roy,34,Other,Ahmedabad,2023-03-22
U0156,Reyansh Amin,26,Other,Jaipur,2023-09-23
U0157,Aarohi Joshi,46,Female,Indore,2024-04-25
U0158,Saanvi Khan,35,Female,Kolkata,2024-04-30
U0159,Aditya Khan,22,Female,Kolkata,2024-02-08
U0160,Myra Chopra,37,Other,Nagpur,2022-12-11
U0161,Aarav Joshi,24,Female,Pune,2023-05-15
U0162,Muhammad Mehta,38,Female,Lucknow,2022-10-14
U0163,Sara Khan,41,Other,Mumbai,2023-06-14
U0164,Muhammad Gupta,25,Male,Indore,2023-05-16
U0165,Aarohi Ghosh,39,Other,Bhopal,2023-10-24
U0166,Meera Roy,35,Male,Bengaluru,2022-10-29
U0167,Sai Bose,38,Other,Kolkata,2022-11-10
U0168,Saanvi Mehta,47,Female,Vadodara,2023-06-28
U0169,Diya Mukherjee,30,Other,Vadodara,2022-12-05
U0170,Diya Roy,25,Female,Surat,2022-09-15
U0171,Sai Patel,24,Other,Chennai,2022-11-20
U0172,Vihaan Kapoor,25,Other,Pune,2022-07-16
U0173,Muhammad Joshi,31,Female,Patna,2024-09-27
U0174,Ira Kulkarni,34,Female,Hyderabad,2024-05-02
U0175,Muhammad Singh,34,Male,Kanpur,2022-07-03
U0176,Kabir Sharma,38,Other,Vadodara,2022-05-10
U0177,Ishaan Verma,32,Male,Vadodara,2022-10-27
U0178,Arjun Joshi,43,Male,Mumbai,2023-08-11
U0179,Kabir Joshi,29,Female,Thane,2022-12-15
U0180,Reyansh Verma,53,Female,Bhopal,2022-04-27
U0181,Aditya Bose,37,Female,Bengaluru,2023-08-14
U0182,Vivaan Reddy,25,Male,Patna,2024-08-29
U0183,Kabir Gupta,23,Male,Hyderabad,2023-07-26
U0184,Kiara Kulkarni,35,Other,Ghaziabad,2022-08-20
U0185,Ira Bose,30,Female,Thane,2022-11-01
U0186,Saanvi Mukherjee,37,Female,Patna,2023-09-28
U0187,Vivaan Kulkarni,35,Other,Hyderabad,2024-08-28
U0188,Muhammad Das,31,Female,Bengaluru,2022-06-10
U0189,Sai Iyer,25,Other,Bengaluru,2022-06-10
U0190,Aarav Mukherjee,19,Female,Ghaziabad,2023-04-27
U0191,Kabir Verma,28,Male,Surat,2023-12-25
U0192,Kabir Roy,38,Male,Kolkata,2024-08-04
U0193,Ishaan Chopra,33,Other,Chennai,2023-03-12
U0194,Vihaan Kapoor,22,Male,Ahmedabad,2024-07-19
U0195,Ishaan Reddy,33,Male,Delhi,2022-06-19
U0196,Kabir Kulkarni,35,Other,Patna,2024-08-01
U0197,Kabir Roy,24,Male,Thane,2023-12-07
U0198,Kabir Bose,33,Female,Visakhapatnam,2023-07-07
U0199,Meera Roy,32,Male,Ghaziabad,2022-02-10
U0200,Kiara Nair,22,Other,Jaipur,2022-01-27